1.230355899424379507e+00,-1.116224898019942202e+01,1.000000000000000000e+00
1.026142518829616268e+00,1.609732309421393381e+01,1.000000000000000000e+00
1.154422802224024602e+00,5.081676406913159028e+00,1.000000000000000000e+00
6.442753212594606316e-01,-5.095380713317110732e+00,1.000000000000000000e+00
1.005900857038998009e+00,2.243427180255806785e+00,1.000000000000000000e+00
9.795354746537595636e-01,1.219841763253401545e+01,1.000000000000000000e+00
6.287432381754014532e-01,1.372324216116617279e+01,1.000000000000000000e+00
1.270751943127952810e+00,-8.879463132934523273e+00,1.000000000000000000e+00
4.765594543304519926e-01,-1.082495536349136600e+01,1.000000000000000000e+00
9.169937617872350177e-01,-7.011162485762845620e+00,1.000000000000000000e+00
1.171793263183398270e+00,1.199466144675867207e+00,1.000000000000000000e+00
1.145091040847583175e+00,-1.200385684959571719e+01,1.000000000000000000e+00
1.206849448334061492e+00,-1.329830645106904186e+01,1.000000000000000000e+00
1.034361547577795415e+00,3.013242514688969642e+00,1.000000000000000000e+00
8.774745367218392822e-01,1.051779502864160065e+01,1.000000000000000000e+00
9.813307956340033833e-01,-1.556664848937052703e+00,1.000000000000000000e+00
1.030512283284436448e+00,4.479715817648701304e+00,1.000000000000000000e+00
1.210422713640403103e+00,-1.904502744593013119e+01,1.000000000000000000e+00
1.346124135347834372e+00,6.744188943846333828e+00,1.000000000000000000e+00
9.754472637888780273e-01,7.272114968240060762e+00,1.000000000000000000e+00
8.471185126143854216e-01,2.282714924492985561e-02,1.000000000000000000e+00
8.261486374143238720e-01,4.640247120647385870e+00,1.000000000000000000e+00
5.536487118207149560e-01,-2.943176181460518848e+00,1.000000000000000000e+00
7.556704990762191931e-01,1.114954985996411096e+01,1.000000000000000000e+00
9.851966603142024992e-01,-2.569452385548780171e+01,1.000000000000000000e+00
8.621263727175420000e-01,2.018827656917452806e+00,1.000000000000000000e+00
7.197757824798645121e-01,1.482388418525719231e+01,1.000000000000000000e+00
8.447511580557400812e-01,5.924162209373417198e+00,1.000000000000000000e+00
9.919047321550659158e-01,-9.424748624597755864e+00,1.000000000000000000e+00
1.045099149056388121e+00,-1.283900277833777182e+01,1.000000000000000000e+00
1.011900925130968520e+00,-6.614696190293892997e+00,1.000000000000000000e+00
7.443369862200519549e-01,-1.412330422840169319e+01,1.000000000000000000e+00
8.531196100095199686e-01,4.599216167972166147e+00,1.000000000000000000e+00
7.594255179848656834e-01,8.024012998416525377e+00,1.000000000000000000e+00
5.875703513709700232e-01,1.122578519566415522e+01,1.000000000000000000e+00
1.242277301431184533e+00,7.852574157109297737e+00,1.000000000000000000e+00
9.826149437201825432e-01,6.343713874316255996e+00,1.000000000000000000e+00
1.016147154980269862e+00,5.403457955177279892e+00,1.000000000000000000e+00
1.180899230681363266e+00,-1.461761924685212599e-01,1.000000000000000000e+00
1.173786852888089038e+00,2.172939346490325718e+01,1.000000000000000000e+00
1.217620041679229548e+00,-5.598777094836146162e+00,1.000000000000000000e+00
1.331247032815758846e+00,9.749177441838862146e-01,1.000000000000000000e+00
9.580797906419276089e-01,-1.799017236706505685e+01,1.000000000000000000e+00
9.740264826725317793e-01,3.144875612313264845e+00,1.000000000000000000e+00
1.061268752823659067e+00,8.326528884867064662e+00,1.000000000000000000e+00
8.478650739652626722e-01,7.831940467403383010e+00,1.000000000000000000e+00
9.429080905067852569e-01,-1.187343847222362747e+01,1.000000000000000000e+00
7.761380969323681267e-01,-9.223103729259680250e+00,1.000000000000000000e+00
7.686842763700205694e-01,-4.213094270907126848e+00,1.000000000000000000e+00
7.851876500757898336e-01,-1.689546964973914811e+01,1.000000000000000000e+00
9.158488855563942099e-01,-5.966193571393114681e+00,1.000000000000000000e+00
9.845311833785485023e-01,-1.467621392574311123e+01,1.000000000000000000e+00
1.106266052443356296e+00,3.451039022186553673e+00,1.000000000000000000e+00
8.531001644511531090e-01,5.695770551014935901e-01,1.000000000000000000e+00
1.128698027281356930e+00,-3.960115625815603391e+00,1.000000000000000000e+00
9.285132917422165288e-01,-1.231324957651850127e+00,1.000000000000000000e+00
1.075120170645877282e+00,1.729242921221602103e+01,1.000000000000000000e+00
7.359108299832342048e-01,1.772718063267085498e+01,1.000000000000000000e+00
9.812418889572637193e-01,-7.832228487865545929e+00,1.000000000000000000e+00
1.228498243847878646e+00,-2.411991055031603715e+00,1.000000000000000000e+00
9.686326652667158754e-01,-5.495842777964861980e+00,1.000000000000000000e+00
8.221163962762985111e-01,-2.026564753930060903e+01,1.000000000000000000e+00
1.353001361881475573e+00,-7.890836979403863083e+00,1.000000000000000000e+00
1.275883587050181456e+00,-4.070229421176680518e+00,1.000000000000000000e+00
1.120146110492525215e+00,-5.254337202359399051e+00,1.000000000000000000e+00
1.200865350438311774e+00,-4.359204746004358810e+00,1.000000000000000000e+00
1.014742533421448600e+00,1.075277434857272141e+01,1.000000000000000000e+00
1.305597415072127454e+00,2.015744204224348746e+00,1.000000000000000000e+00
1.114586702844802435e+00,9.134829839713368926e+00,1.000000000000000000e+00
9.831385603290242470e-01,1.132730188963917861e+00,1.000000000000000000e+00
1.282814525036038322e+00,-1.777041074378639252e+01,1.000000000000000000e+00
7.806274249244070651e-01,-1.266653167407873148e+01,1.000000000000000000e+00
1.244172285278393186e+00,6.096167988333926147e+00,1.000000000000000000e+00
9.022375478989000941e-01,-1.435217863365593871e+01,1.000000000000000000e+00
1.000963751562866211e+00,-1.210005768701383388e+01,1.000000000000000000e+00
1.373017468888414250e+00,-1.155344116077710126e+01,1.000000000000000000e+00
1.235655015286833747e+00,-4.917645118407152793e+00,1.000000000000000000e+00
1.368852623353796316e+00,2.242739246778628903e-01,1.000000000000000000e+00
8.040114546816424790e-01,-4.681004881675324469e+00,1.000000000000000000e+00
8.998346730271262750e-01,-1.548693643567910350e+01,1.000000000000000000e+00
7.819030758032068373e-01,2.591052688744591048e+00,1.000000000000000000e+00
1.041143989418744198e+00,2.646328629021803103e+00,1.000000000000000000e+00
1.297855134758228113e+00,8.928504402050629896e-01,1.000000000000000000e+00
1.071163370899238521e+00,1.347624941644041119e+00,1.000000000000000000e+00
1.137937463114358838e+00,6.387426287249432733e+00,1.000000000000000000e+00
1.219813762999243600e+00,1.521864296497597380e+01,1.000000000000000000e+00
9.066117977032925879e-01,1.419827444028884322e+01,1.000000000000000000e+00
1.168290893928382257e+00,1.730703316660022040e+01,1.000000000000000000e+00
1.100374525192434394e+00,3.966755080205808692e+00,1.000000000000000000e+00
1.154099376203816085e+00,9.592071640137254107e+00,1.000000000000000000e+00
1.301925492843018839e+00,1.323825884915723350e+01,1.000000000000000000e+00
7.509170818080402876e-01,-7.448712578391047501e+00,1.000000000000000000e+00
8.620492873123966060e-01,-1.069110348297727109e+00,1.000000000000000000e+00
1.573652141094540990e+00,7.242481384715879766e-01,1.000000000000000000e+00
1.326243688361223638e+00,-1.010044753669376227e+01,1.000000000000000000e+00
1.265142873090601139e+00,7.934479344210699558e+00,1.000000000000000000e+00
1.011058311799077458e+00,9.487709094666513465e+00,1.000000000000000000e+00
8.559124891276297387e-01,-5.696315040457448298e+00,1.000000000000000000e+00
9.655132184094634695e-01,5.755009415957176522e+00,1.000000000000000000e+00
1.168485566554259503e+00,-9.016262660303027587e+00,1.000000000000000000e+00
1.012935577630673878e+00,-6.959688524037376034e+00,1.000000000000000000e+00
7.639648090845668760e-01,-4.188097215034981780e+00,1.000000000000000000e+00
9.298913908505931358e-01,-1.440105702197975646e+01,1.000000000000000000e+00
1.189503229743014145e+00,-2.622957196149840353e+00,1.000000000000000000e+00
9.702491203281305987e-01,-1.665344797200276972e+01,1.000000000000000000e+00
9.895980086010864873e-01,-7.112831189352597505e+00,1.000000000000000000e+00
1.186480601898419751e+00,-5.527714403113802355e+00,1.000000000000000000e+00
1.018642085619731574e+00,-8.081632595651177198e+00,1.000000000000000000e+00
9.673076581436683696e-01,-8.800111107826127821e+00,1.000000000000000000e+00
1.280347788804781395e+00,3.859427723954437006e+00,1.000000000000000000e+00
5.154234638538148783e-01,1.205086404154441126e+00,1.000000000000000000e+00
1.033321462033642835e+00,-4.974686700693659702e+00,1.000000000000000000e+00
9.511656351699011580e-01,2.744272763453695418e+00,1.000000000000000000e+00
8.099294122025009202e-01,-2.141574093604852624e+00,1.000000000000000000e+00
8.830088776432255537e-01,-2.220549219693607768e+01,1.000000000000000000e+00
1.105491847326694144e+00,-1.294948227081216885e+01,1.000000000000000000e+00
7.786414845837408283e-01,-6.705947498538010976e+00,1.000000000000000000e+00
9.171783280803433858e-01,6.838626149054669034e-02,1.000000000000000000e+00
9.291182069416937805e-01,1.285268787930106882e+01,1.000000000000000000e+00
9.708937138613017437e-01,-1.226170374365867666e+01,1.000000000000000000e+00
1.196491320833695138e+00,-1.475291105919676271e+00,1.000000000000000000e+00
1.163285808553225165e+00,-1.048086287072514367e+01,1.000000000000000000e+00
7.097389319827445142e-01,4.548180407631850386e+00,1.000000000000000000e+00
8.902843985484499845e-01,-2.030461586624449644e-01,1.000000000000000000e+00
1.387029010841611232e+00,1.068141370806616308e+01,1.000000000000000000e+00
1.081986328360375893e+00,3.683434776189715265e+00,1.000000000000000000e+00
7.656359694496568391e-01,-3.639542886155092916e+00,1.000000000000000000e+00
1.229374969332360568e+00,-1.280681631893724770e+01,1.000000000000000000e+00
1.432982602153607621e+00,-1.019499746943639318e+00,1.000000000000000000e+00
1.012372277058554149e+00,2.734561474966350403e+01,1.000000000000000000e+00
9.641153520762901774e-01,-1.098615135900672435e+01,1.000000000000000000e+00
1.003106975457937367e+00,2.199569423408039182e+00,1.000000000000000000e+00
1.172269824254476456e+00,-1.215920344392512931e+01,1.000000000000000000e+00
1.093586369569627514e+00,9.792342006235081442e+00,1.000000000000000000e+00
1.160369054747723450e+00,5.777302341296358890e+00,1.000000000000000000e+00
9.069519856982335426e-01,-1.043594802130328514e+00,1.000000000000000000e+00
1.266388740985908257e+00,-1.339114653527421694e+01,1.000000000000000000e+00
1.044076131145209363e+00,-9.631734408131684133e-02,1.000000000000000000e+00
1.005292061537485182e+00,6.005780378684990595e+00,1.000000000000000000e+00
8.504279801989358401e-01,7.878166079603250438e+00,1.000000000000000000e+00
1.439111788902654121e+00,-7.079297575347949234e+00,1.000000000000000000e+00
1.178756044676303016e+00,-1.930478334032356358e+01,1.000000000000000000e+00
8.756334879584009023e-01,5.753142102176243000e+00,1.000000000000000000e+00
1.068216902686663250e+00,-1.295601962133263996e+01,1.000000000000000000e+00
9.260892195179198927e-01,-2.450393649654769135e+00,1.000000000000000000e+00
1.107382292923087430e+00,8.774110287705418065e-02,1.000000000000000000e+00
1.315698051636205568e+00,2.484483115273078847e-03,1.000000000000000000e+00
1.085094154726016002e+00,6.040132931119041260e+00,1.000000000000000000e+00
9.674255621777388958e-01,-8.325300345209207364e+00,1.000000000000000000e+00
8.879437669782832554e-01,-7.801316701159679567e+00,1.000000000000000000e+00
1.402253581699663076e+00,-4.977473790297537448e+00,1.000000000000000000e+00
8.386661499576379963e-01,-1.011214262463379931e+01,1.000000000000000000e+00
1.079868720186427211e+00,9.942750243588985626e+00,1.000000000000000000e+00
1.182741270494243713e+00,6.235274732627783756e+00,1.000000000000000000e+00
8.838028877973539421e-01,1.255163039237398515e+01,1.000000000000000000e+00
1.184727910722400468e+00,1.035862893156698483e+01,1.000000000000000000e+00
1.066286467735849897e+00,1.076176105397803617e+01,1.000000000000000000e+00
1.098958309007425749e+00,-7.790485691539988933e-01,1.000000000000000000e+00
7.817575141130859162e-01,-6.088101160270347201e+00,1.000000000000000000e+00
8.450319692491176093e-01,4.106555496368383018e+00,1.000000000000000000e+00
1.100703295570767404e+00,-8.360114154983289581e+00,1.000000000000000000e+00
1.097208420579639965e+00,1.557085700267768402e+01,1.000000000000000000e+00
1.512284542311301383e+00,1.620843719276090500e+00,1.000000000000000000e+00
9.154171105026406297e-01,-2.225906037618397093e+01,1.000000000000000000e+00
1.411876938074755783e+00,-1.828151229036790681e+01,1.000000000000000000e+00
8.886239547902894387e-01,-6.439365615209067251e+00,1.000000000000000000e+00
9.021227189898218812e-01,-2.007686893949404450e+01,1.000000000000000000e+00
9.146389973898313430e-01,1.071764799151928393e+01,1.000000000000000000e+00
1.208911642659180163e+00,5.876314711008933322e+00,1.000000000000000000e+00
1.126705228976490059e+00,-6.161963016585906061e+00,1.000000000000000000e+00
1.110833640432976166e+00,-1.874139551776666934e+01,1.000000000000000000e+00
7.980335736530502766e-01,6.116854640737457771e+00,1.000000000000000000e+00
1.343663231225108667e+00,-1.192192851174892354e+01,1.000000000000000000e+00
1.161348401482868331e+00,1.032483656148646567e+01,1.000000000000000000e+00
1.254204528071421798e+00,-7.597906659193212064e-01,1.000000000000000000e+00
8.997442425101095376e-01,1.265014985249581869e+01,1.000000000000000000e+00
1.143833647893105709e+00,5.346449486585837241e-02,1.000000000000000000e+00
8.558253100417747561e-01,-2.326471982456405740e+01,1.000000000000000000e+00
1.222962108913106194e+00,-7.985193204202399864e-01,1.000000000000000000e+00
9.217236249728144593e-01,1.450112029281022341e+00,1.000000000000000000e+00
9.763095786578317448e-01,-1.572073281112597520e+01,1.000000000000000000e+00
9.671474157306224617e-01,-3.395984541417941927e+00,1.000000000000000000e+00
9.669439305368244808e-01,-5.800026643402585336e+00,1.000000000000000000e+00
9.855361185398617829e-01,6.861176390038004058e+00,1.000000000000000000e+00
1.203615151224224133e+00,-1.733145751730825967e+00,1.000000000000000000e+00
8.193982467545062320e-01,2.831436057029558251e-01,1.000000000000000000e+00
1.122566338110096096e+00,7.183319433697077372e-01,1.000000000000000000e+00
7.846220071630986004e-01,1.241425670220306188e+01,1.000000000000000000e+00
9.249215110552791996e-01,2.124460277447924028e+01,1.000000000000000000e+00
9.362463353933228039e-01,2.490803315621139102e+00,1.000000000000000000e+00
1.084552476977384217e+00,2.464452526221679562e+01,1.000000000000000000e+00
8.832289470554437472e-01,-1.810540943462688546e+01,1.000000000000000000e+00
1.064225505201265687e+00,-1.443391341471192924e+01,1.000000000000000000e+00
7.813456887717754595e-01,-8.443629202914914034e-01,1.000000000000000000e+00
1.182697062738799598e+00,1.366308739843047171e+01,1.000000000000000000e+00
8.003246415830580496e-01,-3.451377069178328760e+00,1.000000000000000000e+00
8.131503885049740088e-01,-1.225273048066739090e+00,1.000000000000000000e+00
1.191488069092017765e+00,-3.377612546334086474e+00,1.000000000000000000e+00
1.050227661416404779e+00,1.464763329088908250e+01,1.000000000000000000e+00
7.853969040355234243e-01,-1.986802644987081479e+01,1.000000000000000000e+00
1.161514025341743528e+00,-5.075629142576389974e+00,1.000000000000000000e+00
8.786503741135527346e-01,3.667425231958073795e+00,1.000000000000000000e+00
1.196087796804589098e+00,-1.103777299245630239e+01,1.000000000000000000e+00
1.181553977534964828e+00,-3.506068274281666675e+00,1.000000000000000000e+00
8.399594891228231441e-01,1.139355653124854584e+01,1.000000000000000000e+00
1.222761079441123000e+00,-1.710926586849823572e+00,1.000000000000000000e+00
1.212080703203950893e+00,5.260351647806958297e+00,1.000000000000000000e+00
9.824219600246698603e-01,5.263011596798815361e+00,1.000000000000000000e+00
8.316287725532058861e-01,-6.240546347634817081e+00,1.000000000000000000e+00
9.555298635370732541e-01,-9.874489549442110103e+00,1.000000000000000000e+00
6.426551832504729944e-01,1.233744252172548528e+01,1.000000000000000000e+00
9.880861033692309725e-01,5.426225087505494926e+00,1.000000000000000000e+00
9.609233624399350360e-01,8.691947844622689434e-01,1.000000000000000000e+00
1.160409287189974714e+00,-7.767821632056866044e-01,1.000000000000000000e+00
8.759570557509915867e-01,-7.712315626571418781e-01,1.000000000000000000e+00
1.181752384714597204e+00,6.596840374523003980e+00,1.000000000000000000e+00
1.294733509351732703e+00,-4.370236646877200926e+00,1.000000000000000000e+00
9.301193338690746382e-01,-6.430181525968490241e+00,1.000000000000000000e+00
6.197579198918212739e-01,-4.087955102632779614e+00,1.000000000000000000e+00
9.444469793513508016e-01,5.806809056392091967e-03,1.000000000000000000e+00
9.826544890172626001e-01,-8.545089814444697396e+00,1.000000000000000000e+00
1.093801856711808185e+00,1.280065222318975060e+01,1.000000000000000000e+00
5.073242026268283134e-01,8.652434104145498850e+00,1.000000000000000000e+00
1.044308502536923200e+00,2.072875806264315202e+01,1.000000000000000000e+00
1.038840262574090234e+00,-1.992399392572219696e+01,1.000000000000000000e+00
1.057670371319826330e+00,6.986049814507995503e-02,1.000000000000000000e+00
9.127716819273536952e-01,-9.832474214130940027e+00,1.000000000000000000e+00
1.467958811826260312e+00,7.567052474247931704e-01,1.000000000000000000e+00
8.906995023679518120e-01,-7.406194218743557656e+00,1.000000000000000000e+00
1.096702711155270293e+00,8.714340358035080669e+00,1.000000000000000000e+00
9.761970074017167764e-01,1.344097555565078750e+01,1.000000000000000000e+00
1.283039218554718364e+00,1.725021720192768004e+00,1.000000000000000000e+00
1.073541476427974262e+00,-3.022278739900637889e-01,1.000000000000000000e+00
1.104066278365048115e+00,-1.553646759989771198e+01,1.000000000000000000e+00
8.229129955658616158e-01,-1.379766913691817010e+01,1.000000000000000000e+00
6.958759246539778509e-01,1.828155340274451035e+01,1.000000000000000000e+00
7.899961230674890089e-01,-8.287777593382438468e+00,1.000000000000000000e+00
1.335290292886572860e+00,5.238550228335739911e-01,1.000000000000000000e+00
1.377249279872358567e+00,-3.154322453931651182e+01,1.000000000000000000e+00
1.131883950568637998e+00,-1.875450506443727683e-01,1.000000000000000000e+00
9.813450932210421307e-01,-5.965981352891316369e+00,1.000000000000000000e+00
8.858382749775975951e-01,6.495748958297187237e+00,1.000000000000000000e+00
1.105447462767993994e+00,-4.737729455632702091e+00,1.000000000000000000e+00
7.378005627142769640e-01,-3.110408582173560532e+00,1.000000000000000000e+00
1.158009599822100721e+00,5.159953061230617699e+00,1.000000000000000000e+00
9.548501091736016910e-01,6.133791485887757133e+00,1.000000000000000000e+00
7.939452412876053522e-01,2.791014762859593823e-01,1.000000000000000000e+00
1.288265262775630138e+00,-3.548656219357576802e+00,1.000000000000000000e+00
1.211164168079516434e+00,-3.372337667021252372e+00,1.000000000000000000e+00
7.129527934272574807e-01,-3.746917895144385557e+00,1.000000000000000000e+00
1.101166579628433562e+00,2.038713254386591700e+01,1.000000000000000000e+00
1.031018407329994835e+00,-7.644443682803693463e+00,1.000000000000000000e+00
1.234418975474974811e+00,3.010954351089596859e+00,1.000000000000000000e+00
7.093683277905914464e-01,3.524011850729095841e+00,1.000000000000000000e+00
7.728368796889429904e-01,1.402982130954647388e+01,1.000000000000000000e+00
1.204911439593728817e+00,9.228806303312634185e+00,1.000000000000000000e+00
7.405329429014513298e-01,-1.185753668909117625e-01,1.000000000000000000e+00
9.679530864464318540e-01,-5.880679112813580467e+00,1.000000000000000000e+00
1.303153860691818711e+00,-7.866597769388436134e+00,1.000000000000000000e+00
1.144166982164357194e+00,-1.999825668893685915e+01,1.000000000000000000e+00
1.248850260895186581e+00,1.771518860359210734e+01,1.000000000000000000e+00
7.902335574444956379e-01,1.346209626916055058e+01,1.000000000000000000e+00
5.432268100171182557e-01,-6.995837599554937114e-01,1.000000000000000000e+00
7.167814441306922246e-01,2.584328916631356776e+01,1.000000000000000000e+00
9.982452147825070510e-01,-2.266473534658821620e+00,1.000000000000000000e+00
1.055585000417924135e+00,1.756542186488504598e+01,1.000000000000000000e+00
1.163943799524716605e+00,-1.317631600003036496e+01,1.000000000000000000e+00
1.004476153800142990e+00,2.105341977687363197e+00,1.000000000000000000e+00
5.607700949933804857e-01,-7.297229986743445806e+00,1.000000000000000000e+00
9.729396733617475812e-01,3.872540519646370694e+00,1.000000000000000000e+00
8.976506455681255714e-01,1.622593740255465544e+00,1.000000000000000000e+00
1.428191333291066289e+00,7.200081009792903330e+00,1.000000000000000000e+00
8.213084488040111042e-01,4.334661657338218177e+00,1.000000000000000000e+00
7.948430198801047508e-01,1.129230733457719893e+01,1.000000000000000000e+00
1.195642074954779144e+00,2.156607750846204397e+01,1.000000000000000000e+00
8.453556417712624338e-01,1.061091734410403303e-01,1.000000000000000000e+00
9.964979827491381448e-01,-1.097723010927922260e+01,1.000000000000000000e+00
9.873782502683280393e-01,1.231349390297407709e+01,1.000000000000000000e+00
7.072941818269162795e-01,1.566372140204729924e+01,1.000000000000000000e+00
9.441375980276247581e-01,-4.617635115645635224e+00,1.000000000000000000e+00
7.277072262064119279e-01,2.086947535030776901e+00,1.000000000000000000e+00
9.237269709987014910e-01,1.026998157274328305e+00,1.000000000000000000e+00
9.492200565790327449e-01,2.225455868748890342e+00,1.000000000000000000e+00
9.423793034690013393e-01,4.772295126439987989e+00,1.000000000000000000e+00
9.247106372587714507e-01,1.176881466647594632e+00,1.000000000000000000e+00
9.272296717935717414e-01,9.321129166071322913e+00,1.000000000000000000e+00
7.384159281573572375e-01,6.156683500655678820e+00,1.000000000000000000e+00
8.357623241246184831e-01,-1.117130149702613373e+01,1.000000000000000000e+00
1.137746620635220252e+00,-1.981980531317083205e+01,1.000000000000000000e+00
1.060977103412839462e+00,-1.583780776519954969e+00,1.000000000000000000e+00
1.021048792079188861e+00,-9.750099520554027066e+00,1.000000000000000000e+00
8.930701015492594763e-01,1.040415945097272576e+01,1.000000000000000000e+00
1.181298103889397710e+00,-7.057876647093235256e+00,1.000000000000000000e+00
7.342747273818881482e-01,-9.322029619416410284e+00,1.000000000000000000e+00
1.021723100166063380e+00,-1.174475119394906386e+01,1.000000000000000000e+00
7.540987210794616313e-01,1.602005059678165111e+01,1.000000000000000000e+00
1.374375329177293770e+00,4.611879460879540815e+00,1.000000000000000000e+00
1.278278097473237951e+00,-6.167697988453415547e+00,1.000000000000000000e+00
8.080294907598348786e-01,2.024703071699591561e+01,1.000000000000000000e+00
1.106721338866682114e+00,1.852242032686528539e+00,1.000000000000000000e+00
7.545353831397947353e-01,-8.791214384338044141e-01,1.000000000000000000e+00
6.853247774192030572e-01,4.045490162160899850e+00,1.000000000000000000e+00
7.829124266503820762e-01,1.734679774231538740e+00,1.000000000000000000e+00
1.051600660732885828e+00,5.583087768472092094e+00,1.000000000000000000e+00
1.256122470628767473e+00,6.200994189012058122e+00,1.000000000000000000e+00
1.144190085412898572e+00,6.029075418242656248e+00,1.000000000000000000e+00
6.435427193461256135e-01,-3.884331342875614990e+00,1.000000000000000000e+00
1.121426207163012778e+00,5.655033842243111231e+00,1.000000000000000000e+00
7.027252225745120873e-01,9.999075249600062776e+00,1.000000000000000000e+00
1.096120401638544850e+00,6.462912530091396768e+00,1.000000000000000000e+00
9.867066718926825741e-01,-5.936146634040366799e+00,1.000000000000000000e+00
8.187177053957522821e-01,7.403939065016870380e+00,1.000000000000000000e+00
1.089134624779239724e+00,-5.895202469648611832e+00,1.000000000000000000e+00
6.735499056447067368e-01,-1.572611319064605873e+01,1.000000000000000000e+00
1.301013159356293247e+00,6.786823248949679588e+00,1.000000000000000000e+00
6.653456859238139343e-01,1.098917369417218381e+01,1.000000000000000000e+00
6.472078891680521640e-01,-5.951545122208931282e+00,1.000000000000000000e+00
1.107911353219032558e+00,2.660774744360889343e+00,1.000000000000000000e+00
1.184541141969132294e+00,4.695742215335076963e+00,1.000000000000000000e+00
8.341987166148904231e-01,-2.295305232551382968e+00,1.000000000000000000e+00
9.983530418296640008e-01,2.106692951968063277e+00,1.000000000000000000e+00
9.715378352024357511e-01,1.333618638623156549e+00,1.000000000000000000e+00
8.267194878318168128e-01,3.450578310523012004e-01,1.000000000000000000e+00
1.301464748466429455e+00,1.384533457019827551e+01,1.000000000000000000e+00
1.254159330098057357e+00,-5.740561732532628803e+00,1.000000000000000000e+00
1.273058596590781022e+00,8.945521757206179814e+00,1.000000000000000000e+00
9.095417682329228759e-01,-1.547539306038889073e+01,1.000000000000000000e+00
7.027890568171254460e-01,9.612544725025902181e-01,1.000000000000000000e+00
8.739546592898828070e-01,-5.164822642523374085e+00,1.000000000000000000e+00
1.169086020901702883e+00,2.804130267595392301e+00,1.000000000000000000e+00
1.039126841900170906e+00,-1.070928719108376370e+01,1.000000000000000000e+00
8.866929070284420566e-01,1.005584679039302642e+01,1.000000000000000000e+00
7.626069885671622473e-01,-8.775803801114690827e+00,1.000000000000000000e+00
8.703107116296515677e-01,6.460642159347072422e+00,1.000000000000000000e+00
1.044774184550211871e+00,5.154600790766141749e+00,1.000000000000000000e+00
1.087549299784961621e+00,-1.062241558926459284e+01,1.000000000000000000e+00
8.338673828286162770e-01,-1.533892230582599225e+01,1.000000000000000000e+00
1.162152158332186769e+00,-5.108199773559471524e+00,1.000000000000000000e+00
1.005479303345288233e+00,-1.820981983395731918e+00,1.000000000000000000e+00
7.584419398734441042e-01,-2.441510495604914954e+00,1.000000000000000000e+00
9.332996848826456970e-01,1.177057556626142087e+01,1.000000000000000000e+00
9.237208533743177519e-01,6.486365104420575012e-01,1.000000000000000000e+00
1.154544255390699492e+00,-6.849243386420572399e+00,1.000000000000000000e+00
9.707067738990831085e-01,-1.191485235104372009e+01,1.000000000000000000e+00
7.211016466309432271e-01,-1.337999777962832937e+01,1.000000000000000000e+00
1.178615499852062376e+00,3.595787881286458987e+00,1.000000000000000000e+00
1.187096594654060144e+00,3.109557696288653972e+00,1.000000000000000000e+00
1.033738318042960458e+00,-7.316191326224585012e+00,1.000000000000000000e+00
8.007461077191383447e-01,-1.384098073539617779e+01,1.000000000000000000e+00
7.174143255674165776e-01,-2.890960448318095288e+00,1.000000000000000000e+00
1.042516678644082040e+00,-1.285028160442955247e+01,1.000000000000000000e+00
6.842101482955327274e-01,8.603964577382548384e+00,1.000000000000000000e+00
9.929766410931141207e-01,5.224094929189951664e+00,1.000000000000000000e+00
1.046526624747462053e+00,-6.664732731775506736e+00,1.000000000000000000e+00
5.160661849929869538e-01,1.094908664419548749e+01,1.000000000000000000e+00
9.470275062375541619e-01,1.747297002778639419e-01,1.000000000000000000e+00
1.036132733075738832e+00,-1.170434385172627323e+01,1.000000000000000000e+00
9.996668712026803849e-01,-6.538426050945598256e+00,1.000000000000000000e+00
7.486004529035967803e-01,4.941525040166381721e+00,1.000000000000000000e+00
8.917661570051563791e-01,9.871648000518119304e+00,1.000000000000000000e+00
1.038417060466988229e+00,-3.686704264816379251e+00,1.000000000000000000e+00
1.078491766278030894e+00,-7.497543173650087489e-01,1.000000000000000000e+00
1.009000452359469335e+00,8.791518810622205748e+00,1.000000000000000000e+00
4.236785853314962713e-01,7.090857145496864078e+00,1.000000000000000000e+00
1.264685139477978781e+00,7.442637330378712335e+00,1.000000000000000000e+00
1.075836500893861070e+00,4.084415190315623612e+00,1.000000000000000000e+00
1.008867586180626441e+00,1.102517734776124136e+01,1.000000000000000000e+00
7.637734074450183153e-01,-1.176432767581171746e+01,1.000000000000000000e+00
1.108055593369180913e+00,1.231695720642211889e+01,1.000000000000000000e+00
7.057023121852612491e-01,5.950954697898957590e+00,1.000000000000000000e+00
1.397125476325700166e+00,-1.292039262394812926e+00,1.000000000000000000e+00
9.515915946587647500e-01,-3.805770438593756744e+00,1.000000000000000000e+00
1.100680303998899046e+00,2.156227727108797954e+00,1.000000000000000000e+00
1.552181413835882928e+00,2.022292637427626882e+00,1.000000000000000000e+00
9.086404944259390826e-01,-1.128472768190476483e+00,1.000000000000000000e+00
9.692224348007452139e-01,-8.494306922746211796e+00,1.000000000000000000e+00
8.511181409900198114e-01,-2.249819860980293385e+01,1.000000000000000000e+00
8.459220147670323264e-01,5.561578573632073308e+00,1.000000000000000000e+00
8.607593555138857155e-01,5.276662496313595518e+00,1.000000000000000000e+00
9.911416864458663101e-01,1.210374598590644890e+00,1.000000000000000000e+00
1.171005461526928970e+00,-1.673324598482574288e+01,1.000000000000000000e+00
1.301672793761770919e+00,5.305430936090003158e+00,1.000000000000000000e+00
1.122434698955674826e+00,6.570479101188551496e+00,1.000000000000000000e+00
1.287601861700831796e+00,9.313877074969227010e+00,1.000000000000000000e+00
9.535345530008558779e-01,5.627655446432147102e+00,1.000000000000000000e+00
1.232260245660847797e+00,-3.343619683337320403e+00,1.000000000000000000e+00
9.508208383424666676e-01,-1.531351634682644569e+00,1.000000000000000000e+00
8.711628227079730724e-01,-3.232177633220279650e-02,1.000000000000000000e+00
1.039266329690831103e+00,-1.717399625856987910e+00,1.000000000000000000e+00
1.352660735078247578e+00,-2.972732273028417360e+00,1.000000000000000000e+00
6.982966818155549316e-01,6.994338232223576313e+00,1.000000000000000000e+00
9.706857320153998714e-01,1.281487422985947155e+01,1.000000000000000000e+00
1.080868849837391066e+00,1.995541377129945726e-01,1.000000000000000000e+00
1.536339363062842356e+00,3.249625140325309580e+00,1.000000000000000000e+00
1.248826677842960642e+00,-1.514797520903363903e+01,1.000000000000000000e+00
1.158897992528286069e+00,2.141389213755479659e+01,1.000000000000000000e+00
9.617171838902254244e-01,-5.032852816581112165e+00,1.000000000000000000e+00
8.542180432532332501e-01,1.095855447908808245e+01,1.000000000000000000e+00
7.350406501213775368e-01,1.488800962340040002e+00,1.000000000000000000e+00
1.093056868307882068e+00,-6.466216845753289810e+00,1.000000000000000000e+00
9.893299421729879750e-01,8.949537833870946812e+00,1.000000000000000000e+00
9.729389891194476503e-01,-1.119232561226087341e+01,1.000000000000000000e+00
9.661071285285733889e-01,5.932023390259576701e+00,1.000000000000000000e+00
9.684786974086024847e-01,1.059497087016039174e+01,1.000000000000000000e+00
5.998577439573858916e-01,5.742986581388538347e+00,1.000000000000000000e+00
1.038122252403589574e+00,-3.654859162661365790e+00,1.000000000000000000e+00
7.853144026740991324e-01,-3.662750365123998542e+00,1.000000000000000000e+00
1.123742471045724667e+00,1.305814610991347813e+01,1.000000000000000000e+00
1.435281713017130256e+00,1.150925191371158895e+00,1.000000000000000000e+00
1.039054738539897604e+00,-1.490236815159349248e+01,1.000000000000000000e+00
9.433681933444395540e-01,8.112899402259969861e+00,1.000000000000000000e+00
1.221672854106835349e+00,-1.090330997130871182e+01,1.000000000000000000e+00
1.147850004073953212e+00,-8.109945210581439579e-01,1.000000000000000000e+00
8.536619690180248243e-01,1.649827866567491341e+01,1.000000000000000000e+00
1.002951918007997767e+00,3.464496286779799306e+01,1.000000000000000000e+00
1.317872348095256108e+00,3.158607595603457607e+00,1.000000000000000000e+00
1.022838049858803444e+00,1.654967229323812106e+01,1.000000000000000000e+00
1.031476707924938507e+00,-5.268798644298811062e+00,1.000000000000000000e+00
7.658106607775782004e-01,1.284096292768204250e+01,1.000000000000000000e+00
7.779435965446861445e-01,8.325363812054797918e+00,1.000000000000000000e+00
1.079839895953752515e+00,-2.110120452924693524e+00,1.000000000000000000e+00
1.310369483007087332e+00,-1.111820744659355986e+00,1.000000000000000000e+00
1.298084606780923300e+00,-2.773492666626053094e+00,1.000000000000000000e+00
7.903749375603752458e-01,1.345051824644546201e+01,1.000000000000000000e+00
1.002767049792999687e+00,-2.348980714384828161e+01,1.000000000000000000e+00
9.135737498959564107e-01,-1.363941682912738607e+01,1.000000000000000000e+00
1.148302477334917970e+00,-1.762954170692542899e+00,1.000000000000000000e+00
1.002829541260669810e+00,2.705682220263162741e+00,1.000000000000000000e+00
8.625031864216567978e-01,-1.952120687043225722e+00,1.000000000000000000e+00
1.013751004981347403e+00,-6.611945819821173131e+00,1.000000000000000000e+00
1.038734247161658741e+00,5.507322319585300718e+00,1.000000000000000000e+00
5.364458472019987267e-01,-7.819165691392583328e-01,1.000000000000000000e+00
1.172052911476665571e+00,-8.452180984746702208e+00,1.000000000000000000e+00
1.088498255746252585e+00,5.052575240787414046e+00,1.000000000000000000e+00
1.143032387484335333e+00,-2.745657185008952617e+00,1.000000000000000000e+00
1.377840771388057828e+00,4.056378947833117365e+00,1.000000000000000000e+00
1.369576318857999020e+00,2.092629880422178346e+00,1.000000000000000000e+00
1.513991027861337990e+00,1.051897538518102415e+00,1.000000000000000000e+00
1.111312639852201523e+00,-2.204730870442221402e+01,1.000000000000000000e+00
1.279230966041442041e+00,6.030636979085804983e-01,1.000000000000000000e+00
1.244184682404515518e+00,9.599763135103872358e+00,1.000000000000000000e+00
9.124099718181241103e-01,-7.114914678753809341e+00,1.000000000000000000e+00
8.148911817318542639e-01,-1.284099140995254240e+00,1.000000000000000000e+00
8.770282575004325620e-01,-1.813632660284516085e+00,1.000000000000000000e+00
1.066218813053319225e+00,-9.532659872944664770e+00,1.000000000000000000e+00
1.490013240001391903e+00,-6.535902196459673519e+00,1.000000000000000000e+00
1.242731596074736933e+00,2.485268835796279063e+01,1.000000000000000000e+00
1.046849694186498203e+00,-6.128665577026818134e+00,1.000000000000000000e+00
5.662154023679166759e-01,4.546663871410569158e+00,1.000000000000000000e+00
1.028197360707348462e+00,-4.391180076444421765e+00,1.000000000000000000e+00
1.304211133944177536e+00,1.241775507099355247e+00,1.000000000000000000e+00
9.791847423407702422e-01,6.243862814704409736e+00,1.000000000000000000e+00
7.681072196088144510e-01,-1.239610444975955517e+01,1.000000000000000000e+00
9.978085579943939409e-01,-7.019581958344364381e+00,1.000000000000000000e+00
1.140465731963232754e+00,-1.970140193988608601e+01,1.000000000000000000e+00
1.314572372603184824e+00,-1.544526187537083750e+01,1.000000000000000000e+00
9.760829074308325914e-01,-9.138079915911989204e+00,1.000000000000000000e+00
1.012841403830031739e+00,1.714058504549972284e+01,1.000000000000000000e+00
1.217406527193745758e+00,2.080372287664511788e+01,1.000000000000000000e+00
1.008108568916052050e+00,-1.331309207154156837e+01,1.000000000000000000e+00
1.039438148926570271e+00,-5.965404052865364015e-01,1.000000000000000000e+00
1.182929765002736167e+00,4.778586470396353203e-01,1.000000000000000000e+00
8.046435841779433495e-01,9.561129763079650346e+00,1.000000000000000000e+00
9.558411928491434839e-01,-4.884389271184546577e-01,1.000000000000000000e+00
8.250394587337372965e-01,-8.385332407887824857e+00,1.000000000000000000e+00
8.961467087826494593e-01,-2.982282150932095277e+01,1.000000000000000000e+00
7.659495820202191219e-01,-1.964878219103141177e+01,1.000000000000000000e+00
1.039348958212097385e+00,1.148931905255269559e+00,1.000000000000000000e+00
1.222803745275965914e+00,1.163702368571887646e+01,1.000000000000000000e+00
1.095635485377850715e+00,1.147512121594368395e+01,1.000000000000000000e+00
9.384191452479396789e-01,3.599559385438601655e+00,1.000000000000000000e+00
1.031031153278804124e+00,-1.606906354165305828e+01,1.000000000000000000e+00
1.050073601117322619e+00,1.415073058898653713e+01,1.000000000000000000e+00
1.015985510130752445e+00,-1.194055580513569126e+01,1.000000000000000000e+00
8.568628007243085376e-01,-8.867464205238889008e+00,1.000000000000000000e+00
1.151211301700216572e+00,-1.515063125789936471e+01,1.000000000000000000e+00
6.059455653779703965e-01,-4.193195794979362456e-01,1.000000000000000000e+00
1.343816159019256107e+00,1.416929568230237990e+01,1.000000000000000000e+00
8.657520026506032584e-01,5.552367899736973200e+00,1.000000000000000000e+00
1.091068738270285055e+00,-5.962637941749612480e+00,1.000000000000000000e+00
1.182121828790659857e+00,1.057420138495778161e+01,1.000000000000000000e+00
1.402153445490436301e+00,9.306985225052759603e+00,1.000000000000000000e+00
7.795279302297182245e-01,1.529336072737979002e+01,1.000000000000000000e+00
1.153493909425844066e+00,-2.344361311235393153e+00,1.000000000000000000e+00
1.269514586405498191e+00,1.365202224635246964e+01,1.000000000000000000e+00
1.165755643207342152e+00,-1.758155199959344106e+00,1.000000000000000000e+00
9.636838356660465399e-01,-2.265227551779513959e+01,1.000000000000000000e+00
8.675103588819179645e-01,-6.503073550748284859e+00,1.000000000000000000e+00
7.705013134551670362e-01,3.066799818213859830e+00,1.000000000000000000e+00
1.088378303256853474e+00,1.138436905004133859e+00,1.000000000000000000e+00
1.175403631418335149e+00,9.280482283514791320e+00,1.000000000000000000e+00
1.096514530140591193e+00,5.202367052100304257e+00,1.000000000000000000e+00
1.052373032738680658e+00,-3.741925355493388672e+00,1.000000000000000000e+00
9.310741384094234352e-01,-3.521206538055812985e+01,1.000000000000000000e+00
1.613438537597678080e+00,3.543081970925723745e+00,1.000000000000000000e+00
1.097626092696326161e+00,-1.503719459317485807e+01,1.000000000000000000e+00
1.131301365837661610e+00,-1.089877517783442151e+01,1.000000000000000000e+00
8.171420501101721579e-01,-8.814865607421268123e+00,1.000000000000000000e+00
1.170504494914859306e+00,1.416165614897590963e+01,1.000000000000000000e+00
9.722288002442458499e-01,-1.671262649452974003e+01,1.000000000000000000e+00
9.867450226002495439e-01,2.927702150126883396e+00,1.000000000000000000e+00
1.039898364558618615e+00,1.539332759801818540e+01,1.000000000000000000e+00
1.216914856830441094e+00,7.697878350168775086e+00,1.000000000000000000e+00
8.748701494620473307e-01,1.183086435803120295e+01,1.000000000000000000e+00
1.171516431791004509e+00,1.192390578879774843e+00,1.000000000000000000e+00
7.656351192384043269e-01,-9.275650366105482547e+00,1.000000000000000000e+00
1.115097724265638357e+00,5.181801280630486950e-01,1.000000000000000000e+00
1.176360822095993797e+00,1.788747232274434040e+01,1.000000000000000000e+00
1.083220128803107807e+00,-2.808802982737947040e+00,1.000000000000000000e+00
1.208733489814906470e+00,2.076323467674365730e+01,1.000000000000000000e+00
6.902273000293099869e-01,-1.889123845613712938e+00,1.000000000000000000e+00
1.058658090376467298e+00,-1.902778704550801336e+01,1.000000000000000000e+00
6.682043884148136659e-01,-6.155403001894498516e+00,1.000000000000000000e+00
1.065541825505451623e+00,1.406449404656271263e+01,1.000000000000000000e+00
1.178807244137997978e+00,1.155304621283160138e+01,1.000000000000000000e+00
1.099204941400686808e+00,-1.922217281397184729e+00,1.000000000000000000e+00
7.958521212594233951e-01,2.857382213225489132e+00,1.000000000000000000e+00
8.838281583436382594e-01,-1.482086944077901869e+01,1.000000000000000000e+00
9.545050914080053239e-01,4.854087212144143848e+00,1.000000000000000000e+00
5.488583043536388040e-01,-4.693984158469016177e-01,1.000000000000000000e+00
9.440631144878137704e-01,1.642647535555936145e+01,1.000000000000000000e+00
7.145556970258901686e-01,4.985303563339246402e+00,1.000000000000000000e+00
1.030698057469982221e+00,-7.878878647620972231e+00,1.000000000000000000e+00
9.604715094176310419e-01,-1.050961120177516861e+01,1.000000000000000000e+00
7.899128228698482079e-01,8.242118148484028239e+00,1.000000000000000000e+00
9.277699219597244085e-01,3.624875347498905942e+00,1.000000000000000000e+00
7.271914736653080080e-01,4.725892615259325247e+00,1.000000000000000000e+00
9.585918452329663664e-01,1.102765895677807606e+01,1.000000000000000000e+00
1.093396518920418670e+00,-7.452388645210453966e+00,1.000000000000000000e+00
1.239986598415932839e+00,1.279543036229574771e+00,1.000000000000000000e+00
9.005483832869075611e-01,-1.469665307670003074e+01,1.000000000000000000e+00
9.218567219304156790e-01,1.095961579849464407e+01,1.000000000000000000e+00
1.038778840849352569e+00,-1.437977338021535800e+01,1.000000000000000000e+00
1.217129929098002217e+00,1.746210206902680895e+01,1.000000000000000000e+00
9.985482489834056619e-01,-1.464760635206371475e+01,1.000000000000000000e+00
6.508994642597922820e-01,-8.433647197850928645e-01,1.000000000000000000e+00
1.138079100627456208e+00,-1.502663448095562515e+00,1.000000000000000000e+00
9.917414807847922953e-01,-4.231056003353289796e+00,1.000000000000000000e+00
1.326835192994006762e+00,-8.079169136007708474e+00,1.000000000000000000e+00
1.136733249611006968e+00,-1.136742009424983557e+01,1.000000000000000000e+00
1.058641988620921293e+00,-9.191400629814809875e+00,1.000000000000000000e+00
8.212941040560910455e-01,-1.133209343520346124e+01,1.000000000000000000e+00
8.714178106690780856e-01,1.397359108411917106e+01,1.000000000000000000e+00
9.422024537395713439e-01,-1.501822990976495120e+01,1.000000000000000000e+00
1.105581753318526816e+00,8.722471716748549042e+00,1.000000000000000000e+00
8.941532892114237852e-01,3.485814776332162523e+00,1.000000000000000000e+00
9.787478500343527177e-01,4.724697353750446221e-02,1.000000000000000000e+00
9.414142340506914675e-01,5.756998407082269509e+00,1.000000000000000000e+00
1.094887674570308445e+00,-2.953443269986793407e+00,1.000000000000000000e+00
8.389363330616816938e-01,-6.296594964304381925e+00,1.000000000000000000e+00
8.625355050758919395e-01,1.778507513603020129e+01,1.000000000000000000e+00
9.900812886915910660e-01,-1.206669436859234423e+01,1.000000000000000000e+00
7.905895340719252262e-01,-7.654221792238398159e+00,1.000000000000000000e+00
1.194872818183459584e+00,-1.294026043496510425e+01,1.000000000000000000e+00
1.068415343372755233e+00,2.709765151485090229e+01,1.000000000000000000e+00
9.292948146260111564e-01,-1.185703611921315215e+01,1.000000000000000000e+00
8.396917629683041673e-01,-6.342211538111178548e+00,1.000000000000000000e+00
1.531113714720670149e+00,-2.010468795383970075e+01,1.000000000000000000e+00
9.448209625600614281e-01,-6.605133060610434370e+00,1.000000000000000000e+00
1.047385174348242520e+00,2.808487077652958241e+00,1.000000000000000000e+00
7.728159784543142674e-01,-5.885348908558256653e+00,1.000000000000000000e+00
6.878034350900128491e-01,1.041501199893172913e+00,1.000000000000000000e+00
1.389302993830165756e+00,-3.691661324817268053e+00,1.000000000000000000e+00
7.098234465297571516e-01,8.809825964932233688e+00,1.000000000000000000e+00
8.876211110534423243e-01,-4.302629393581884010e+00,1.000000000000000000e+00
9.526329602293819310e-01,6.889868701179504562e+00,1.000000000000000000e+00
7.932443359202744348e-01,-1.532920080494767845e+01,1.000000000000000000e+00
1.086166544739230577e+00,8.197749829031129920e+00,1.000000000000000000e+00
1.050531163676151181e+00,1.056021570339803617e+01,1.000000000000000000e+00
9.803022516751187521e-01,1.001814168306870023e+01,1.000000000000000000e+00
8.509140279685399877e-01,1.227614507653773807e-01,1.000000000000000000e+00
8.089807259573644771e-01,1.228276634396250344e+01,1.000000000000000000e+00
9.523836262600280378e-01,-5.907149675831466773e-01,1.000000000000000000e+00
9.053416662656935676e-01,8.826774289876325952e+00,1.000000000000000000e+00
8.691194143243715642e-01,3.816377722935301975e+00,1.000000000000000000e+00
8.432487036343018216e-01,3.598283255302205497e+00,1.000000000000000000e+00
6.455720162694893460e-01,-3.818089688769134682e+00,1.000000000000000000e+00
1.065716706718118800e+00,6.336027786069882151e-01,1.000000000000000000e+00
8.057400889567498670e-01,-5.903870750713088533e+00,1.000000000000000000e+00
1.150928071741039505e+00,-8.228613683407841606e+00,1.000000000000000000e+00
8.598330058875365278e-01,-5.889206058590615633e+00,1.000000000000000000e+00
6.072906859767522869e-01,1.232755073826347636e-01,1.000000000000000000e+00
8.606899927685880414e-01,-1.159070027572076178e+01,1.000000000000000000e+00
8.588555306670460077e-01,-2.605581676292356264e+00,1.000000000000000000e+00
9.524234443383388093e-01,-1.217388238986431004e+00,1.000000000000000000e+00
1.246905203773383430e+00,-1.337026254631949485e+01,1.000000000000000000e+00
1.129100364203120765e+00,-2.709012366959853324e+01,1.000000000000000000e+00
1.342376666395653340e+00,-6.523736410366453242e+00,1.000000000000000000e+00
1.178503510526135667e+00,-3.871860457901264319e+00,1.000000000000000000e+00
1.041902312821259446e+00,-1.635047672270206931e+01,1.000000000000000000e+00
1.071209764602273795e+00,-1.834309732284201644e+01,1.000000000000000000e+00
9.683742488106584778e-01,-1.193397365899906148e+01,1.000000000000000000e+00
9.152034686995538237e-01,3.351952695200841048e-01,1.000000000000000000e+00
1.121589180899592586e+00,1.075302790803595254e+00,1.000000000000000000e+00
1.226353672578149423e+00,1.474324592280285628e+01,1.000000000000000000e+00
1.045998294662434436e+00,1.349739816611786658e+01,1.000000000000000000e+00
1.180561492444249794e+00,-1.623497573630145041e+01,1.000000000000000000e+00
1.101548153853955325e+00,-7.318760640615947999e+00,1.000000000000000000e+00
1.279103458740453725e+00,4.242249118798538277e+00,1.000000000000000000e+00
1.055685295459017903e+00,7.797547026899786182e+00,1.000000000000000000e+00
7.416248731729568888e-01,8.326873909104818949e+00,1.000000000000000000e+00
1.061348532507764730e+00,-7.179454564325905785e+00,1.000000000000000000e+00
1.282641586186318738e+00,-4.846780276565405110e+00,1.000000000000000000e+00
1.138685854327813773e+00,1.432824998021324792e-01,1.000000000000000000e+00
7.574056426646242901e-01,-8.707282499546238341e+00,1.000000000000000000e+00
1.102860043011688607e+00,-1.267499369919015129e+00,1.000000000000000000e+00
1.104071268691462882e+00,-1.079335838914358803e+01,1.000000000000000000e+00
1.273586625389354188e+00,1.067993010344987503e+01,1.000000000000000000e+00
8.290706249939849837e-01,2.073672237533877194e+00,1.000000000000000000e+00
7.593583377400920931e-01,-2.734603132256555114e+01,1.000000000000000000e+00
1.215591075024630818e+00,1.924971814416896132e+00,1.000000000000000000e+00
9.980466405241936734e-01,2.121214521219272342e+00,1.000000000000000000e+00
7.990198050476899905e-01,1.059063023000104131e+01,1.000000000000000000e+00
1.312712207630186256e+00,-4.501661354607255916e+00,1.000000000000000000e+00
1.088838101191575980e+00,-3.259734051766455920e+00,1.000000000000000000e+00
1.001706611700185379e+00,-1.442314284830851712e+01,1.000000000000000000e+00
1.253304088796616478e+00,6.993687423442066731e+00,1.000000000000000000e+00
1.371539851470825022e+00,-4.920140529888769265e+00,1.000000000000000000e+00
8.962260438587194011e-01,5.608932357412047764e+00,1.000000000000000000e+00
1.015780370286745393e+00,-2.147573734675474810e+01,1.000000000000000000e+00
1.249055966826925879e+00,3.802305526229214916e+00,1.000000000000000000e+00
7.911211591877276295e-01,-1.160462660394675538e+01,1.000000000000000000e+00
8.466773228666664153e-01,9.649740171015519508e+00,1.000000000000000000e+00
1.168073025185627722e+00,-3.803985507780169861e+00,1.000000000000000000e+00
1.189811659028833235e+00,-4.569586971665890118e+00,1.000000000000000000e+00
8.787375380017941051e-01,6.911595462759031250e+00,1.000000000000000000e+00
1.065683820456719832e+00,1.009626183862902771e+01,1.000000000000000000e+00
1.224241497819776869e+00,8.054901228819897341e+00,1.000000000000000000e+00
9.797914980366286830e-01,1.433591989294109226e+01,1.000000000000000000e+00
1.081475636976524823e+00,3.206668296458090595e+00,1.000000000000000000e+00
1.231003647753523778e+00,-2.616282987925723891e+00,1.000000000000000000e+00
1.184871567358392719e+00,1.962643582328962299e+00,1.000000000000000000e+00
1.185141354816270143e+00,-1.358569803798849662e+01,1.000000000000000000e+00
1.066629108852546803e+00,-1.119852886124488300e+01,1.000000000000000000e+00
9.333087432471076639e-01,-8.766576605871508221e+00,1.000000000000000000e+00
1.079163644036112091e+00,-2.136908791514098382e+01,1.000000000000000000e+00
6.750835640282872863e-01,6.899580461942608878e+00,1.000000000000000000e+00
8.677510549225835312e-01,6.955274781238932391e+00,1.000000000000000000e+00
1.625978296699003067e+00,-2.869550786379294749e+01,1.000000000000000000e+00
8.505878926899649306e-01,-1.175929960972631028e+00,1.000000000000000000e+00
8.364638312839642875e-01,-8.601246872715917036e+00,1.000000000000000000e+00
1.129865734225716789e+00,-4.405741828482241829e+00,1.000000000000000000e+00
8.896086138685976863e-01,1.655283488630399802e+01,1.000000000000000000e+00
1.091025410857098921e+00,-1.299936741272100349e+01,1.000000000000000000e+00
1.194976905286530888e+00,-1.076108289421312492e+01,1.000000000000000000e+00
1.070868554368674230e+00,-5.123823680706306227e+00,1.000000000000000000e+00
1.087614249262280008e+00,-3.047984170958061956e+00,1.000000000000000000e+00
1.307190032896015319e+00,-1.422071349429726084e+01,1.000000000000000000e+00
6.988119211159899979e-01,-2.242102966067531344e+00,1.000000000000000000e+00
1.051791419847864617e+00,-1.078317264399637310e+01,1.000000000000000000e+00
1.158447690539443631e+00,5.101340282103757673e+00,1.000000000000000000e+00
9.551876816217372834e-01,-9.566366049499787083e-01,1.000000000000000000e+00
8.136881139413455477e-01,-1.394996000262025859e+01,1.000000000000000000e+00
1.133394594657666232e+00,9.550736920185538992e+00,1.000000000000000000e+00
1.393167977559523818e+00,-1.856125664080917659e+01,1.000000000000000000e+00
1.084187253202173240e+00,2.691338534919726655e+01,1.000000000000000000e+00
6.574088514743059442e-01,1.256864718075455123e+01,1.000000000000000000e+00
1.146393493478178316e+00,8.101480364804524825e+00,1.000000000000000000e+00
1.110172310656355243e+00,-5.348227930990669954e+00,1.000000000000000000e+00
1.017798173871991896e+00,-5.694248646950502035e+00,1.000000000000000000e+00
1.105170444178579459e+00,-4.618821701202456609e+00,1.000000000000000000e+00
9.279601321227956001e-01,-6.232929214737980672e+00,1.000000000000000000e+00
8.107877472395115248e-01,-1.275656438824407957e+01,1.000000000000000000e+00
9.757025254858134877e-01,-3.624745960716445836e+00,1.000000000000000000e+00
1.338884599213026050e+00,3.306872759970792330e+00,1.000000000000000000e+00
7.908837145166182081e-01,5.656301082581163264e+00,1.000000000000000000e+00
8.457185674405029996e-01,-1.473899127646346940e+01,1.000000000000000000e+00
1.060105155602004912e+00,4.098539474225778578e-01,1.000000000000000000e+00
1.037122892687840858e+00,-3.638672745620379345e+00,1.000000000000000000e+00
1.045618395211375784e+00,-7.417814577511011587e-01,1.000000000000000000e+00
1.074247802408301533e+00,-8.751430528447382784e+00,1.000000000000000000e+00
1.135656053367740892e+00,-1.240233463879457787e+01,1.000000000000000000e+00
6.987206878226014384e-01,1.233023886516025769e+01,1.000000000000000000e+00
1.169492064681832311e+00,-1.053890338570701068e+01,1.000000000000000000e+00
9.113667346103918598e-01,-1.722130521492332278e+01,1.000000000000000000e+00
1.273483621006414657e+00,-6.176823870837223618e-01,1.000000000000000000e+00
9.977541504345832646e-01,7.302213573885531162e+00,1.000000000000000000e+00
7.525258849845053444e-01,-1.093702027202108518e+01,1.000000000000000000e+00
1.049757031515835992e+00,-9.136037567452099495e+00,1.000000000000000000e+00
6.040379717786346081e-01,-1.361542840617215644e+00,1.000000000000000000e+00
8.611053869375396852e-01,-1.692581872441924151e+00,1.000000000000000000e+00
1.240436943342934528e+00,2.538609305649647929e+00,1.000000000000000000e+00
1.051299631663249690e+00,6.697998574321256449e+00,1.000000000000000000e+00
1.214047268519971912e+00,4.651806153516051978e+00,1.000000000000000000e+00
9.734714380884060825e-01,-4.280111042622090523e+00,1.000000000000000000e+00
1.273030116921577415e+00,-7.816027263634599542e-01,1.000000000000000000e+00
5.576383170438112824e-01,-4.308649731348087819e+00,1.000000000000000000e+00
1.047999356031667606e+00,9.696739762794260642e+00,1.000000000000000000e+00
1.021609365540581571e+00,6.852622341187167621e+00,1.000000000000000000e+00
8.239368834915968831e-01,-1.203031378719581568e+01,1.000000000000000000e+00
9.043348065954346371e-01,2.044434963485608492e+00,1.000000000000000000e+00
8.707773663640894224e-01,-1.303381489057580822e+01,1.000000000000000000e+00
1.019546478904613807e+00,5.020530495332354626e+00,1.000000000000000000e+00
1.237463343766958879e+00,-1.196491761282722877e+01,1.000000000000000000e+00
9.964895916032465717e-01,8.770578123984363872e-01,1.000000000000000000e+00
1.097645307067419473e+00,5.342036240869550312e+00,1.000000000000000000e+00
1.119860623219674389e+00,-7.957517915434007882e+00,1.000000000000000000e+00
5.696943481986602720e-01,-4.445565604638576751e+00,1.000000000000000000e+00
1.171763876549265504e+00,1.662004494820104039e+00,1.000000000000000000e+00
9.972029138183386987e-01,1.374328862229894455e+01,1.000000000000000000e+00
1.283690327818419519e+00,-8.775244484966401970e+00,1.000000000000000000e+00
1.051317941871514172e+00,1.468755857041804624e+01,1.000000000000000000e+00
9.058479816974738252e-01,-3.044178591974814552e+00,1.000000000000000000e+00
4.574934181948693279e-01,1.682476121570495531e+00,1.000000000000000000e+00
1.147263875667582367e+00,2.594049837370029366e+00,1.000000000000000000e+00
1.191836622477062013e+00,2.098023579008572170e+00,1.000000000000000000e+00
7.926700652469058639e-01,4.149162920594254622e+00,1.000000000000000000e+00
8.481987453633663687e-01,2.470010179841128028e+00,1.000000000000000000e+00
9.088481624120477997e-01,2.958953586713293227e+00,1.000000000000000000e+00
1.075328253644391996e+00,6.364025126817632660e+00,1.000000000000000000e+00
1.144165684473557487e+00,2.342297594046183651e+00,1.000000000000000000e+00
6.900738684544457380e-01,-2.003629395827498882e+00,1.000000000000000000e+00
1.132398718279489014e+00,-1.142878435476391630e+01,1.000000000000000000e+00
7.940586002744017824e-01,7.470978175272530386e+00,1.000000000000000000e+00
8.327002527978837332e-01,-1.449099131691623299e+00,1.000000000000000000e+00
9.149711397985571537e-01,7.505875729224632309e+00,1.000000000000000000e+00
8.762361497382182840e-01,-6.285433825095768867e+00,1.000000000000000000e+00
1.033286225863284447e+00,3.415459411061265271e+00,1.000000000000000000e+00
1.304302232063315747e+00,6.220586983558602512e+00,1.000000000000000000e+00
1.255179653233921666e+00,-8.039784473526044195e+00,1.000000000000000000e+00
9.686251673005343843e-01,-4.862651276858610316e+00,1.000000000000000000e+00
1.166819759768196185e+00,5.373311761626434979e+00,1.000000000000000000e+00
1.028017875539336989e+00,4.089124827312876770e-02,1.000000000000000000e+00
1.687605729670940580e+00,-8.285546869095551159e+00,1.000000000000000000e+00
8.693476735951815026e-01,-1.213315992756757566e+01,1.000000000000000000e+00
1.103758208930464946e+00,6.572542522314918756e+00,1.000000000000000000e+00
1.028175492553923931e+00,3.721207987356472735e+00,1.000000000000000000e+00
1.203623000684525657e+00,-2.692717798850363664e+00,1.000000000000000000e+00
7.342509332575410941e-01,-7.706086530442670224e+00,1.000000000000000000e+00
8.899589832527670108e-01,3.419098803822668287e-01,1.000000000000000000e+00
9.238416261241175764e-01,1.848443795004394818e+00,1.000000000000000000e+00
6.819518914304619761e-01,-1.317975917748150483e+00,1.000000000000000000e+00
1.106060506021601331e+00,-4.671174482989817633e+00,1.000000000000000000e+00
1.053999868802243389e+00,-9.766312910625433830e+00,1.000000000000000000e+00
1.221358498370222589e+00,1.767676603597925222e+01,1.000000000000000000e+00
8.814411361050947802e-01,2.376770209200157247e+00,1.000000000000000000e+00
9.077093768566091292e-01,-4.589520258816388032e-01,1.000000000000000000e+00
1.058388936263983560e+00,-4.562362094360403297e+00,1.000000000000000000e+00
5.962585840978558149e-01,-1.775198463262924164e+01,1.000000000000000000e+00
1.112020696774402184e+00,2.723342722277120842e+01,1.000000000000000000e+00
5.925509079854782701e-01,6.569154872269576728e+00,1.000000000000000000e+00
6.404401857471686554e-01,-1.705465376709451064e+01,1.000000000000000000e+00
9.035735527828905322e-01,-6.873809904791897907e+00,1.000000000000000000e+00
9.138861617446277785e-01,7.742476426121752908e+00,1.000000000000000000e+00
1.041833586961473657e+00,1.007335315252748842e+01,1.000000000000000000e+00
8.729035531054343267e-01,-6.197447283181253042e+00,1.000000000000000000e+00
7.943245882778535716e-01,-3.455935795620924011e+00,1.000000000000000000e+00
9.732890527937473335e-01,1.519110509537233433e+01,1.000000000000000000e+00
1.329417894786455445e+00,-1.694630141884421182e+00,1.000000000000000000e+00
9.446706778048542530e-01,8.454171799871261328e+00,1.000000000000000000e+00
9.348519707973466097e-01,1.278747914292169874e+01,1.000000000000000000e+00
9.369323644144837981e-01,2.161067355678301993e+00,1.000000000000000000e+00
1.318607916960116810e+00,-1.262194572050108654e+01,1.000000000000000000e+00
1.279739394958675280e+00,-1.071878283653376229e+01,1.000000000000000000e+00
1.167025335801161523e+00,-3.357367521123880927e+00,1.000000000000000000e+00
1.057210072285676539e+00,-1.368632783061173530e+00,1.000000000000000000e+00
1.037459530750950654e+00,-1.127303763588296270e+01,1.000000000000000000e+00
1.141102637681337573e+00,4.196274766829995784e+00,1.000000000000000000e+00
6.872135133687669040e-01,7.550301665942087403e+00,1.000000000000000000e+00
1.219407509676721846e+00,2.051668451140330163e+01,1.000000000000000000e+00
1.117399357736257981e+00,1.109071679745974492e+01,1.000000000000000000e+00
8.486917657647659041e-01,-7.477300399939542430e+00,1.000000000000000000e+00
1.147041550893640016e+00,1.373903422263836305e+01,1.000000000000000000e+00
9.625581546348718209e-01,5.069393952362792000e+00,1.000000000000000000e+00
1.159622400136915088e+00,-6.221007354320176042e+00,1.000000000000000000e+00
1.240154197742505460e+00,-3.744709326626803225e+00,1.000000000000000000e+00
7.191593654109211808e-01,4.906601855208170965e-02,1.000000000000000000e+00
9.016914550971670828e-01,-8.228348246097798580e+00,1.000000000000000000e+00
7.173712149881319444e-01,9.119094248476761422e+00,1.000000000000000000e+00
6.060587376840278484e-01,9.324642711291224018e+00,1.000000000000000000e+00
8.289804091013560639e-01,-7.018012509074795346e+00,1.000000000000000000e+00
9.925324659808343331e-01,-2.515106820057666503e+00,1.000000000000000000e+00
1.001944931858771204e+00,-3.814375439359265929e+00,1.000000000000000000e+00
6.308927021369097332e-01,7.167861259047885181e-01,1.000000000000000000e+00
1.077497961080344124e+00,6.322197967486323122e+00,1.000000000000000000e+00
9.834330761339649118e-01,3.741822553474914326e+00,1.000000000000000000e+00
8.701277884956386544e-01,-6.330278709543274651e+00,1.000000000000000000e+00
9.046668894702640795e-01,-9.034696838872260827e+00,1.000000000000000000e+00
6.131563636616715884e-01,-5.493729835338633904e+00,1.000000000000000000e+00
9.403569770103304970e-01,-7.741547568448963190e+00,1.000000000000000000e+00
7.335847778942418129e-01,-5.584908028795828372e+00,1.000000000000000000e+00
9.186263695416295727e-01,-1.068452573557657281e+01,1.000000000000000000e+00
7.717242580475383029e-01,2.383243558449619659e+00,1.000000000000000000e+00
1.054000384571601945e+00,8.151346685449750495e+00,1.000000000000000000e+00
1.015207440603003608e+00,3.877121373120143044e+00,1.000000000000000000e+00
1.210925161385712823e+00,1.079581426783638776e+01,1.000000000000000000e+00
8.548303202705631598e-01,-5.539618563219287140e+00,1.000000000000000000e+00
1.536301442117211646e+00,-1.824488406910298233e+00,1.000000000000000000e+00
1.102196202390363533e+00,5.533533676150138580e-01,1.000000000000000000e+00
1.017102767719495704e+00,-6.620626102357935139e+00,1.000000000000000000e+00
1.083489704866858361e+00,8.544993953025963762e+00,1.000000000000000000e+00
1.068447718294119886e+00,-1.601399787422772647e+01,1.000000000000000000e+00
6.372436168313172500e-01,-1.305723648848061913e+01,1.000000000000000000e+00
1.055646511793675968e+00,-8.458941396711335159e+00,1.000000000000000000e+00
1.080169753863010174e+00,1.068382361516204782e+01,1.000000000000000000e+00
1.598500928682357713e+00,1.087166240882291302e+00,1.000000000000000000e+00
1.012739727084487340e+00,4.054355928484266514e+00,1.000000000000000000e+00
1.235335002400465232e+00,8.359701767773023207e+00,1.000000000000000000e+00
8.548395722277671860e-01,-2.377196157210573091e+00,1.000000000000000000e+00
9.533583730796767464e-01,-1.354334931437078104e+01,1.000000000000000000e+00
1.022129324063327793e+00,-1.956654350947308885e+00,1.000000000000000000e+00
7.829352924652133172e-01,-4.300360596883753495e+00,1.000000000000000000e+00
1.229590687374069402e+00,1.633159171688406275e+01,1.000000000000000000e+00
9.283771094866939411e-01,-1.875524691198173333e+00,1.000000000000000000e+00
1.283282326738055534e+00,-1.014233972540724338e+01,1.000000000000000000e+00
1.030363824201092626e+00,6.076615760973099967e+00,1.000000000000000000e+00
1.120870322365216998e+00,1.038987474643627884e+01,1.000000000000000000e+00
7.789279948581728785e-01,1.234361109086582253e+01,1.000000000000000000e+00
7.870295557743568482e-01,-4.519268796743968863e+00,1.000000000000000000e+00
9.566611522356275321e-01,-2.090583710390187733e+01,1.000000000000000000e+00
9.929267656952899257e-01,-1.060412086876677762e+01,1.000000000000000000e+00
1.002797655291542078e+00,-6.232784710182375676e+00,1.000000000000000000e+00
1.137501625262119065e+00,1.337435579323848955e+01,1.000000000000000000e+00
7.787949743162773109e-01,-8.528361628749649981e+00,1.000000000000000000e+00
1.211156207532100071e+00,6.572593005020557655e+00,1.000000000000000000e+00
9.172149785988799042e-01,-6.545365372158533646e+00,1.000000000000000000e+00
7.784234245440174726e-01,-1.204332176639637986e+01,1.000000000000000000e+00
1.042781361597804546e+00,3.674076921267315665e+00,1.000000000000000000e+00
1.244121782212499250e+00,2.296177428831578826e+00,1.000000000000000000e+00
8.003483819709004132e-01,6.732510895845215337e+00,1.000000000000000000e+00
1.180655840920745492e+00,6.669432754629646354e+00,1.000000000000000000e+00
9.082831082742970352e-01,7.088001315538663860e+00,1.000000000000000000e+00
7.085479814388405684e-01,6.073503324608223508e+00,1.000000000000000000e+00
9.765232911827351758e-01,-1.461363623231719266e+01,1.000000000000000000e+00
6.302372553728654569e-01,-4.465070131709119927e+00,1.000000000000000000e+00
1.629022098542198815e+00,-8.300618779148885906e+00,1.000000000000000000e+00
1.018311116175946607e+00,6.648041613112505743e+00,1.000000000000000000e+00
9.485475264018752295e-01,-1.536302853704054527e+01,1.000000000000000000e+00
9.008832637737780313e-01,2.929909237633139263e-01,1.000000000000000000e+00
9.015651960820428856e-01,1.255032668443898558e+01,1.000000000000000000e+00
1.039676489003881654e+00,1.095363999694103185e+01,1.000000000000000000e+00
1.148729688990785425e+00,-1.060380360463200766e+01,1.000000000000000000e+00
9.942737053278754011e-01,1.099135354322375413e+00,1.000000000000000000e+00
1.188778767086106747e+00,-2.265610795797782906e+00,1.000000000000000000e+00
1.037477312761023507e+00,1.469685238515467418e+01,1.000000000000000000e+00
1.044391744033301039e+00,1.486787008669836929e+00,1.000000000000000000e+00
6.357186739873644798e-01,2.447898602215905939e+00,1.000000000000000000e+00
1.236057390541802414e+00,8.568750986304852768e-01,1.000000000000000000e+00
8.650211113156625053e-01,6.429122291403682965e+00,1.000000000000000000e+00
9.879336192503538339e-01,-8.718162350254418769e+00,1.000000000000000000e+00
8.847895894654280724e-01,4.032117608709554268e+00,1.000000000000000000e+00
1.138456303785621682e+00,8.381704922344987096e+00,1.000000000000000000e+00
1.086989755385877388e+00,-7.133879236066115404e+00,1.000000000000000000e+00
5.197227884534381115e-01,-6.331173780774042470e+00,1.000000000000000000e+00
9.124269038787987673e-01,-9.420343456850399644e-01,1.000000000000000000e+00
9.619533637231258982e-01,1.741551961861042486e+01,1.000000000000000000e+00
1.307545932605457706e+00,1.018696366567694689e+01,1.000000000000000000e+00
9.836895323865102458e-01,-2.163294010899249109e+00,1.000000000000000000e+00
9.348062221120320148e-01,7.504812458552913013e-01,1.000000000000000000e+00
1.024072539842739715e+00,1.361371019345211586e+01,1.000000000000000000e+00
8.763004160494342054e-01,1.844157396119711478e+01,1.000000000000000000e+00
1.084645273268363130e+00,-1.000165460625508729e+01,1.000000000000000000e+00
8.304548494506716061e-01,3.049080657165755603e+00,1.000000000000000000e+00
1.185131959000372381e+00,3.158244405595559634e+00,1.000000000000000000e+00
6.712793643045289471e-01,-8.757802591060245945e+00,1.000000000000000000e+00
9.578040400551950384e-01,4.880443453757131067e+00,1.000000000000000000e+00
1.071103923799495705e+00,-1.013584604940910694e+01,1.000000000000000000e+00
9.546877309825291258e-01,7.550403276071492087e+00,1.000000000000000000e+00
7.314313655545114923e-01,1.647705642740701304e+00,1.000000000000000000e+00
8.406197129776938892e-01,1.317968246297017387e+01,1.000000000000000000e+00
1.420277765798055647e+00,-4.356142453991035168e+00,1.000000000000000000e+00
1.058169006940655965e+00,8.936496226988971614e+00,1.000000000000000000e+00
1.056819248255835619e+00,-2.067069913618304966e+01,1.000000000000000000e+00
6.169987083750426704e-01,1.297877929850999834e+01,1.000000000000000000e+00
8.803742046982074854e-01,1.555417403549599697e+01,1.000000000000000000e+00
9.428926147130179958e-01,-2.116548538782093924e+00,1.000000000000000000e+00
1.077370152860736008e+00,-1.132205569902763109e+01,1.000000000000000000e+00
1.104954784511991805e+00,6.022554508677922414e+00,1.000000000000000000e+00
1.062838051991824129e+00,1.433970679790037783e+00,1.000000000000000000e+00
1.469501542869845689e+00,-5.709225792552149237e+00,1.000000000000000000e+00
9.410719441677438679e-01,1.254393708187536305e+01,1.000000000000000000e+00
1.183031687711695090e+00,-2.152983619112639602e+01,1.000000000000000000e+00
1.118872407583988648e+00,-2.494595880724176240e+01,1.000000000000000000e+00
1.409754904304187040e+00,6.231730755001646527e-01,1.000000000000000000e+00
1.521999264442250865e+00,-8.322956575303248172e+00,1.000000000000000000e+00
1.258593483179965444e+00,2.167215915677778071e+01,1.000000000000000000e+00
1.367888972293388461e+00,1.578128905397541715e+01,1.000000000000000000e+00
1.024823039856809892e+00,1.459689188046593955e+01,1.000000000000000000e+00
8.515964052463581568e-01,-1.039051010434399736e+01,1.000000000000000000e+00
1.078814483154732162e+00,7.037526133774250958e+00,1.000000000000000000e+00
1.208995162814267665e+00,1.317971493027376084e+01,1.000000000000000000e+00
1.015346299176586697e+00,1.936689632923957660e+01,1.000000000000000000e+00
9.902199572865667543e-01,6.023502912808322840e+00,1.000000000000000000e+00
8.406544898306225200e-01,-1.137562914176385576e+01,1.000000000000000000e+00
7.407633941301239311e-01,1.779474687848860981e+00,1.000000000000000000e+00
1.253072622942065228e+00,-9.449824752323271682e+00,1.000000000000000000e+00
1.036259675487774201e+00,-6.076108219082287043e+00,1.000000000000000000e+00
1.088704340770732415e+00,-2.519145599006426295e+01,1.000000000000000000e+00
1.287706229528839064e+00,7.686377226785868544e+00,1.000000000000000000e+00
9.986828426222280619e-01,8.287385980141264596e+00,1.000000000000000000e+00
1.059997003100028534e+00,-3.910794127510601292e+00,1.000000000000000000e+00
5.352709827264130471e-01,3.269212415917158943e+00,1.000000000000000000e+00
8.362923902621156591e-01,1.878079659108358968e+01,1.000000000000000000e+00
9.837791212818682851e-01,1.368988846097607404e+00,1.000000000000000000e+00
8.694805885171668081e-01,-3.045459219223757952e+00,1.000000000000000000e+00
9.995572242740586866e-01,1.511373034349746680e+00,1.000000000000000000e+00
9.638441575229678149e-01,6.464330386742485501e+00,1.000000000000000000e+00
9.146590922713730976e-01,-9.822144732740966333e+00,1.000000000000000000e+00
8.514883102518334690e-01,-1.829945236729377456e+01,1.000000000000000000e+00
8.826822178240524286e-01,1.811902020664933488e+01,1.000000000000000000e+00
1.539832563307660163e+00,-6.856731209690979156e+00,1.000000000000000000e+00
8.225626218923594024e-01,2.767172985713013400e+00,1.000000000000000000e+00
1.234008575521443607e+00,-1.532269446975631055e+01,1.000000000000000000e+00
5.571585803748693166e-01,3.213288033389842369e+00,1.000000000000000000e+00
9.191733673996124176e-01,1.271195429933237087e+01,1.000000000000000000e+00
1.307504781944973882e+00,3.338673236302052150e+00,1.000000000000000000e+00
1.065854667496811015e+00,5.876258445285447607e+00,1.000000000000000000e+00
6.749736066837115356e-01,1.142917681640209082e+01,1.000000000000000000e+00
1.005110652983839614e+00,1.819278160068796524e+01,1.000000000000000000e+00
1.216018190695862700e+00,8.659757443665514032e+00,1.000000000000000000e+00
1.051606995194009464e+00,-1.101557219850448632e+01,1.000000000000000000e+00
1.000656308458073074e+00,-7.081400644009185008e+00,1.000000000000000000e+00
1.013635526632237882e+00,6.138334292974779949e+00,1.000000000000000000e+00
1.120926092704941368e+00,1.521847831397642237e+00,1.000000000000000000e+00
1.020065686083574397e+00,2.467586318802964307e+00,1.000000000000000000e+00
8.431122346905346454e-01,9.364972779379359125e+00,1.000000000000000000e+00
1.014442834809297533e+00,1.456475175941798206e+01,1.000000000000000000e+00
1.000518418636927587e+00,1.336198869565321523e+01,1.000000000000000000e+00
1.219810536487988317e+00,-6.608712514792265402e+00,1.000000000000000000e+00
7.172058064510591358e-01,-9.399994748404324696e+00,1.000000000000000000e+00
1.099570293533967957e+00,4.794161973815124433e+00,1.000000000000000000e+00
7.657258935633445285e-01,6.228053178833883763e+00,1.000000000000000000e+00
1.077072242409939040e+00,2.226414804414525328e+00,1.000000000000000000e+00
6.711998373206459201e-01,1.292777113377765241e+00,1.000000000000000000e+00
9.782609648120810242e-01,-5.062306342080741928e+00,1.000000000000000000e+00
1.171168464636253015e+00,-7.652845050266106952e+00,1.000000000000000000e+00
9.480807907140340607e-01,2.855084984864819209e+00,1.000000000000000000e+00
1.037586261844902991e+00,2.925664504441560787e+00,1.000000000000000000e+00
8.925479967650475910e-01,1.225159873554932943e+01,1.000000000000000000e+00
1.078704163496607915e+00,6.682985625719268796e+00,1.000000000000000000e+00
1.018718785291236939e+00,5.818805316321076226e-01,1.000000000000000000e+00
7.942605307222666555e-01,1.617428265762529804e+01,1.000000000000000000e+00
8.376115938252628457e-01,8.915628536586508446e+00,1.000000000000000000e+00
9.279926966905167607e-01,6.041118212264943388e+00,1.000000000000000000e+00
1.322211611560424327e+00,6.351368521768244513e+00,1.000000000000000000e+00
1.346391724742673324e+00,1.028743383086442753e+00,1.000000000000000000e+00
1.026937171926082915e+00,4.891070315316049744e+00,1.000000000000000000e+00
1.027575827234633365e+00,9.038894955936884745e-01,1.000000000000000000e+00
1.027381443928518046e+00,1.866919386148005122e+00,1.000000000000000000e+00
9.989194802438771115e-01,1.152047194344546810e+01,1.000000000000000000e+00
1.173978081915596050e+00,2.512079663608997482e+00,1.000000000000000000e+00
1.432047554489281893e+00,1.400683393627700113e+01,1.000000000000000000e+00
1.054149367322572584e+00,-4.267576143950021716e+00,1.000000000000000000e+00
9.424825919051506018e-01,-2.301106956980748741e+00,1.000000000000000000e+00
1.010764494466942276e+00,1.695686938652490738e+01,1.000000000000000000e+00
1.354887624465351603e+00,-1.676901441651558855e+00,1.000000000000000000e+00
8.359523374666850692e-01,-1.322264356859157530e+01,1.000000000000000000e+00
1.030680033939128881e+00,-1.337477547488102880e+00,1.000000000000000000e+00
8.981587307343608106e-01,-1.744461194104302493e+01,1.000000000000000000e+00
9.848885278601126059e-01,1.601131153480973524e+01,1.000000000000000000e+00
1.229078831270618677e+00,7.684486086724931830e+00,1.000000000000000000e+00
7.996403719922458020e-01,1.133377941957822976e+01,1.000000000000000000e+00
9.003094299843498183e-01,-6.237420192262929319e+00,1.000000000000000000e+00
1.334533882579341135e+00,-8.758493336330390733e+00,1.000000000000000000e+00
7.732085330351097241e-01,-5.306809508347610560e+00,1.000000000000000000e+00
9.762020522640409981e-01,-7.482582707394906052e+00,1.000000000000000000e+00
1.029948860165984748e+00,9.943355289141560860e+00,1.000000000000000000e+00
1.261053683969679984e+00,-1.098957678707327368e+01,1.000000000000000000e+00
1.191212509847591861e+00,5.438980311213609475e+00,1.000000000000000000e+00
1.297070145756891169e+00,-2.678418105142818639e+00,1.000000000000000000e+00
7.802415807850449081e-01,-1.975809427734561918e+00,1.000000000000000000e+00
6.872619378031004089e-01,1.310137057781705394e+01,1.000000000000000000e+00
6.757094237853922269e-01,-4.294419441424520478e+00,1.000000000000000000e+00
7.420026399869099620e-01,2.338174542553480251e+01,1.000000000000000000e+00
9.782206984836564478e-01,4.091582092888435440e+00,1.000000000000000000e+00
5.813758782477198572e-01,2.553557998328357925e+01,1.000000000000000000e+00
1.466067913390517674e+00,1.372841454884866508e+01,1.000000000000000000e+00
8.735646403355622480e-01,-4.858454712665488673e-02,1.000000000000000000e+00
1.189309103075572693e+00,-1.127926344793254820e+00,1.000000000000000000e+00
9.036414375802626076e-01,-8.915916741782339727e+00,1.000000000000000000e+00
1.213798838056819207e+00,-2.729294190862396885e+00,1.000000000000000000e+00
8.988917846302585390e-01,2.043291270618930344e+00,1.000000000000000000e+00
8.864921456451848591e-01,-5.114050512166986806e+00,1.000000000000000000e+00
8.474046127754579771e-01,-3.403348356627680094e+00,1.000000000000000000e+00
9.231101229262655972e-01,5.941309530112481863e-01,1.000000000000000000e+00
1.143702256702699316e+00,3.427078694142007276e+00,1.000000000000000000e+00
1.018061563955146243e+00,-2.831319089304722070e+01,1.000000000000000000e+00
9.736972171164881562e-01,6.338948068489208332e+00,1.000000000000000000e+00
9.580309592814298947e-01,1.702707755869629480e+01,1.000000000000000000e+00
1.300416180962839841e+00,-3.984444337122205582e+00,1.000000000000000000e+00
9.631735239918214342e-01,1.558438688944626893e+00,1.000000000000000000e+00
1.339991749558993916e+00,-1.669614597541310275e+01,1.000000000000000000e+00
1.101520917736348304e+00,6.771265991614967561e+00,1.000000000000000000e+00
1.394297636365234183e+00,-5.510362097045545582e+00,1.000000000000000000e+00
9.491266560374213013e-01,1.139450277237543396e+01,1.000000000000000000e+00
9.580130239928842384e-01,1.855746424443527687e+01,1.000000000000000000e+00
8.525386932509264604e-01,-1.059406738850898044e+01,1.000000000000000000e+00
1.058269278346214648e+00,-1.132014057060112683e-01,1.000000000000000000e+00
1.197205749418966292e+00,-1.555665161455479328e+01,1.000000000000000000e+00
6.964188090909987361e-01,-1.008327573745214067e+01,1.000000000000000000e+00
1.148830975953540001e+00,-8.793781569049732294e-01,1.000000000000000000e+00
1.117351337076132101e+00,5.577424984890364534e+00,1.000000000000000000e+00
1.100025929240328715e+00,-2.020138647775405971e+00,1.000000000000000000e+00
9.522819346331099499e-01,-2.179625121186115067e+01,1.000000000000000000e+00
1.128314371311619713e+00,4.182444372025261536e+00,1.000000000000000000e+00
9.387180640195186276e-01,-2.290429273057622783e+00,1.000000000000000000e+00
9.549976472339429812e-01,-7.476737657061329756e+00,1.000000000000000000e+00
8.031558173201250872e-01,1.387745681339361425e+01,1.000000000000000000e+00
1.333825494008860746e+00,1.624074151078980321e+01,1.000000000000000000e+00
7.641247975061935538e-01,-1.100348196980231918e+01,1.000000000000000000e+00
9.661093120432042713e-01,1.408885826888854353e+01,1.000000000000000000e+00
1.121146459064996437e+00,1.419486776875445955e+01,1.000000000000000000e+00
9.143984929282993335e-01,-1.210402403702892826e+01,1.000000000000000000e+00
1.016497576927206659e+00,2.076715361376706070e+01,1.000000000000000000e+00
7.175857376660204068e-01,-4.199995382668434196e+00,1.000000000000000000e+00
9.906699221374510866e-01,-8.514893488588358039e+00,1.000000000000000000e+00
1.068557714860544738e+00,8.093103540708415977e+00,1.000000000000000000e+00
1.024730667448434884e+00,9.076439399591706092e+00,1.000000000000000000e+00
7.705774892838017642e-01,-4.395033712296222639e+00,1.000000000000000000e+00
1.234488619848447710e+00,-1.338362438272939592e+01,1.000000000000000000e+00
9.871871018736151360e-01,5.666655638153407892e+00,1.000000000000000000e+00
1.205968692036196055e+00,-4.527806915702183410e+00,1.000000000000000000e+00
1.093499252032422264e+00,4.238907782179818007e+00,1.000000000000000000e+00
8.228566882882691891e-01,-1.778200034709930932e+01,1.000000000000000000e+00
9.948422275228011591e-01,8.144027114254475563e+00,1.000000000000000000e+00
